/home/objectLib/wayne1.jpg;0
/home/objectLib/wayne2.jpg;0
/home/objectLib/wayne3.jpg;0
/home/objectLib/wayne4.jpg;0
/home/objectLib/wayne5.jpg;0
/home/objectLib/wayne6.jpg;0
/home/objectLib/wayne7.jpg;0
/home/objectLib/wayne8.jpg;0
/home/objectLib/wayne9.jpg;0
/home/objectLib/wayne10.jpg;0
/home/objectLib/wayne11.jpg;0
/home/objectLib/amy1.jpg;1
/home/objectLib/amy2.jpg;1
/home/objectLib/amy3.jpg;1
/home/objectLib/amy4.jpg;1
/home/objectLib/amy5.jpg;1
/home/objectLib/amy6.jpg;1
/home/objectLib/amy7.jpg;1
/home/objectLib/amy8.jpg;1
/home/objectLib/amy9.jpg;1
/home/objectLib/aiden1.jpg;2
/home/objectLib/aiden2.jpg;2
/home/objectLib/aiden3.jpg;2
/home/objectLib/aiden4.jpg;2
/home/objectLib/aiden5.jpg;2
/home/objectLib/aiden6.jpg;2
/home/objectLib/aiden7.jpg;2
/home/objectLib/aiden8.jpg;2
/home/objectLib/aiden9.jpg;2
/home/objectLib/aiden10.jpg;2
/home/objectLib/aiden11.jpg;2
/home/objectLib/aiden12.jpg;2
/home/objectLib/aiden13.jpg;2
/home/objectLib/aiden14.jpg;2
/home/objectLib/aiden15.jpg;2
/home/objectLib/cass1.jpg;3
/home/objectLib/cass2.jpg;3 
/home/objectLib/cass3.jpg;3 
/home/objectLib/cass4.jpg;3 
/home/objectLib/cass5.jpg;3 
/home/objectLib/cass6.jpg;3 
/home/objectLib/cass7.jpg;3 
/home/objectLib/cass8.jpg;3 
/home/objectLib/cass9.jpg;3
/home/objectLib/cass10.jpg;3
/home/objectLib/cass11.jpg;3
/home/objectLib/cass12.jpg;3 
/home/objectLib/pheen1.jpg;4
/home/objectLib/pheen2.jpg;4
/home/objectLib/pheen3.jpg;4
/home/objectLib/pheen4.jpg;4
/home/objectLib/pheen5.jpg;4
/home/objectLib/pheen6.jpg;4
/home/objectLib/pheen7.jpg;4
